accession	score_name	n_leave_one_out_models	n_expected	beta_min	beta_median	beta_max	or_min	or_median	or_max	fraction_beta_positive	fraction_p_lt_0_05
GSE130970	primary	78	78	1.61284806291228	1.69526562006953	2.09503595807328	5.01707985828237	5.44809291826619	8.12573315066758	1	1
GSE130970	ecm_excluded	78	78	1.65344767072896	1.74020109137632	2.11562938746613	5.2249627609207	5.69848922633226	8.29480476971524	1	1
GSE162694	primary	143	143	2.10489183889865	2.1777611973479	2.44849332956787	8.20621536830043	8.82652327816531	11.5709000463577	1	1
GSE162694	ecm_excluded	143	143	2.02192770712399	2.09759490871501	2.37174169639254	7.55287063175803	8.146553128014	10.7160401283894	1	1
